category_str,id,image,category,x,y,w,h
MHC,0,1_1,1,0.179773,0.647406,0.359547,0.183479
MHC,0,1_2,1,0.370570,0.583198,0.207453,0.106479
MHC,1,2_1,1,0.455484,0.548312,0.116594,0.061208
MHC,1,2_2,1,0.262250,0.563615,0.161562,0.069771
MHC,2,3_1,1,0.474258,0.528115,0.112078,0.050188
MHC,2,3_2,1,0.510516,0.510375,0.092813,0.039167
